<?xml version="1.0" encoding="UTF-8"?>
<definitions xmlns="http://www.omg.org/spec/BPMN/20100524/MODEL" xmlns:xsi="http://www.w3.org/2001/XMLSchema-instance" xmlns:xsd="http://www.w3.org/2001/XMLSchema" xmlns:activiti="http://activiti.org/bpmn" xmlns:bpmndi="http://www.omg.org/spec/BPMN/20100524/DI" xmlns:omgdc="http://www.omg.org/spec/DD/20100524/DC" xmlns:omgdi="http://www.omg.org/spec/DD/20100524/DI" typeLanguage="http://www.w3.org/2001/XMLSchema" expressionLanguage="http://www.w3.org/1999/XPath" targetNamespace="http://www.activiti.org/test">
    <process id="myProcess" name="My process" isExecutable="true">
        <startEvent id="startevent1" name="Start"></startEvent>
        <userTask id="usertask1" name="显示用户详细信息" activiti:formKey="userinfo.form"></userTask>
        <sequenceFlow id="flow1" sourceRef="startevent1" targetRef="usertask1"></sequenceFlow>
        <exclusiveGateway id="exclusivegateway1" name="Exclusive Gateway"></exclusiveGateway>
        <sequenceFlow id="flow2" sourceRef="usertask1" targetRef="exclusivegateway1"></sequenceFlow>
        <userTask id="usertask3" name="耳机验证" activiti:formKey="ear.form"></userTask>
        <sequenceFlow id="flow4" name="耳机验证" sourceRef="exclusivegateway1" targetRef="usertask3">
            <conditionExpression xsi:type="tFormalExpression"><![CDATA[${result=="ear"}]]></conditionExpression>
        </sequenceFlow>
        <userTask id="usertask4" name="二次登陆" activiti:formKey="secondtime.form"></userTask>
        <sequenceFlow id="flow5" name="存在登陆信息" sourceRef="exclusivegateway1" targetRef="usertask4">
            <conditionExpression xsi:type="tFormalExpression"><![CDATA[${result=="exist"}]]></conditionExpression>
        </sequenceFlow>
        <exclusiveGateway id="exclusivegateway2" name="Exclusive Gateway"></exclusiveGateway>
        <sequenceFlow id="flow6" sourceRef="usertask4" targetRef="exclusivegateway2"></sequenceFlow>
        <sequenceFlow id="flow7" name="密码错误" sourceRef="exclusivegateway2" targetRef="usertask4">
            <conditionExpression xsi:type="tFormalExpression"><![CDATA[${result=="no"}]]></conditionExpression>
        </sequenceFlow>
        <sequenceFlow id="flow8" name="密码正确" sourceRef="exclusivegateway2" targetRef="usertask3">
            <conditionExpression xsi:type="tFormalExpression"><![CDATA[${result=="yes"}]]></conditionExpression>
        </sequenceFlow>
        <userTask id="usertask5" name="键盘验证" activiti:formKey="keyboard.form"></userTask>
        <sequenceFlow id="flow9" sourceRef="usertask3" targetRef="usertask5"></sequenceFlow>
        <endEvent id="endevent1" name="End"></endEvent>
        <sequenceFlow id="flow10" sourceRef="usertask5" targetRef="endevent1"></sequenceFlow>
    </process>
    <bpmndi:BPMNDiagram id="BPMNDiagram_myProcess">
        <bpmndi:BPMNPlane bpmnElement="myProcess" id="BPMNPlane_myProcess">
            <bpmndi:BPMNShape bpmnElement="startevent1" id="BPMNShape_startevent1">
                <omgdc:Bounds height="35.0" width="35.0" x="75.0" y="79.0"></omgdc:Bounds>
            </bpmndi:BPMNShape>
            <bpmndi:BPMNShape bpmnElement="usertask1" id="BPMNShape_usertask1">
                <omgdc:Bounds height="55.0" width="105.0" x="155.0" y="69.0"></omgdc:Bounds>
            </bpmndi:BPMNShape>
            <bpmndi:BPMNShape bpmnElement="exclusivegateway1" id="BPMNShape_exclusivegateway1">
                <omgdc:Bounds height="40.0" width="40.0" x="305.0" y="77.0"></omgdc:Bounds>
            </bpmndi:BPMNShape>
            <bpmndi:BPMNShape bpmnElement="usertask3" id="BPMNShape_usertask3">
                <omgdc:Bounds height="55.0" width="105.0" x="415.0" y="70.0"></omgdc:Bounds>
            </bpmndi:BPMNShape>
            <bpmndi:BPMNShape bpmnElement="usertask4" id="BPMNShape_usertask4">
                <omgdc:Bounds height="55.0" width="105.0" x="273.0" y="178.0"></omgdc:Bounds>
            </bpmndi:BPMNShape>
            <bpmndi:BPMNShape bpmnElement="exclusivegateway2" id="BPMNShape_exclusivegateway2">
                <omgdc:Bounds height="40.0" width="40.0" x="447.0" y="185.0"></omgdc:Bounds>
            </bpmndi:BPMNShape>
            <bpmndi:BPMNShape bpmnElement="usertask5" id="BPMNShape_usertask5">
                <omgdc:Bounds height="55.0" width="105.0" x="600.0" y="70.0"></omgdc:Bounds>
            </bpmndi:BPMNShape>
            <bpmndi:BPMNShape bpmnElement="endevent1" id="BPMNShape_endevent1">
                <omgdc:Bounds height="35.0" width="35.0" x="750.0" y="80.0"></omgdc:Bounds>
            </bpmndi:BPMNShape>
            <bpmndi:BPMNEdge bpmnElement="flow1" id="BPMNEdge_flow1">
                <omgdi:waypoint x="110.0" y="96.0"></omgdi:waypoint>
                <omgdi:waypoint x="155.0" y="96.0"></omgdi:waypoint>
            </bpmndi:BPMNEdge>
            <bpmndi:BPMNEdge bpmnElement="flow2" id="BPMNEdge_flow2">
                <omgdi:waypoint x="260.0" y="96.0"></omgdi:waypoint>
                <omgdi:waypoint x="305.0" y="97.0"></omgdi:waypoint>
            </bpmndi:BPMNEdge>
            <bpmndi:BPMNEdge bpmnElement="flow4" id="BPMNEdge_flow4">
                <omgdi:waypoint x="345.0" y="97.0"></omgdi:waypoint>
                <omgdi:waypoint x="415.0" y="97.0"></omgdi:waypoint>
                <bpmndi:BPMNLabel>
                    <omgdc:Bounds height="14.0" width="48.0" x="347.0" y="80.0"></omgdc:Bounds>
                </bpmndi:BPMNLabel>
            </bpmndi:BPMNEdge>
            <bpmndi:BPMNEdge bpmnElement="flow5" id="BPMNEdge_flow5">
                <omgdi:waypoint x="325.0" y="117.0"></omgdi:waypoint>
                <omgdi:waypoint x="325.0" y="178.0"></omgdi:waypoint>
                <bpmndi:BPMNLabel>
                    <omgdc:Bounds height="14.0" width="72.0" x="245.0" y="151.0"></omgdc:Bounds>
                </bpmndi:BPMNLabel>
            </bpmndi:BPMNEdge>
            <bpmndi:BPMNEdge bpmnElement="flow6" id="BPMNEdge_flow6">
                <omgdi:waypoint x="378.0" y="205.0"></omgdi:waypoint>
                <omgdi:waypoint x="447.0" y="205.0"></omgdi:waypoint>
            </bpmndi:BPMNEdge>
            <bpmndi:BPMNEdge bpmnElement="flow7" id="BPMNEdge_flow7">
                <omgdi:waypoint x="467.0" y="225.0"></omgdi:waypoint>
                <omgdi:waypoint x="466.0" y="309.0"></omgdi:waypoint>
                <omgdi:waypoint x="389.0" y="309.0"></omgdi:waypoint>
                <omgdi:waypoint x="325.0" y="309.0"></omgdi:waypoint>
                <omgdi:waypoint x="325.0" y="233.0"></omgdi:waypoint>
                <bpmndi:BPMNLabel>
                    <omgdc:Bounds height="14.0" width="48.0" x="469.0" y="267.0"></omgdc:Bounds>
                </bpmndi:BPMNLabel>
            </bpmndi:BPMNEdge>
            <bpmndi:BPMNEdge bpmnElement="flow8" id="BPMNEdge_flow8">
                <omgdi:waypoint x="467.0" y="185.0"></omgdi:waypoint>
                <omgdi:waypoint x="467.0" y="125.0"></omgdi:waypoint>
                <bpmndi:BPMNLabel>
                    <omgdc:Bounds height="14.0" width="48.0" x="468.0" y="166.0"></omgdc:Bounds>
                </bpmndi:BPMNLabel>
            </bpmndi:BPMNEdge>
            <bpmndi:BPMNEdge bpmnElement="flow9" id="BPMNEdge_flow9">
                <omgdi:waypoint x="520.0" y="97.0"></omgdi:waypoint>
                <omgdi:waypoint x="600.0" y="97.0"></omgdi:waypoint>
            </bpmndi:BPMNEdge>
            <bpmndi:BPMNEdge bpmnElement="flow10" id="BPMNEdge_flow10">
                <omgdi:waypoint x="705.0" y="97.0"></omgdi:waypoint>
                <omgdi:waypoint x="750.0" y="97.0"></omgdi:waypoint>
            </bpmndi:BPMNEdge>
        </bpmndi:BPMNPlane>
    </bpmndi:BPMNDiagram>
</definitions>